# MySQL-Front 5.1  (Build 4.2)

/*!40101 SET @OLD_SQL_MODE=@@SQL_MODE */;
/*!40101 SET SQL_MODE='STRICT_TRANS_TABLES,NO_AUTO_CREATE_USER,NO_ENGINE_SUBSTITUTION' */;
/*!40111 SET @OLD_SQL_NOTES=@@SQL_NOTES */;
/*!40103 SET SQL_NOTES='ON' */;
/*!40014 SET @OLD_UNIQUE_CHECKS=@@UNIQUE_CHECKS */;
/*!40014 SET UNIQUE_CHECKS=0 */;
/*!40014 SET @OLD_FOREIGN_KEY_CHECKS=@@FOREIGN_KEY_CHECKS */;
/*!40014 SET FOREIGN_KEY_CHECKS=0 */;


# Host: 127.0.0.1    Database: springmvchibernate
# ------------------------------------------------------
# Server version 5.1.72-community

DROP DATABASE IF EXISTS `springmvchibernate`;
CREATE DATABASE `springmvchibernate` /*!40100 DEFAULT CHARACTER SET utf8 */;
USE `springmvchibernate`;

#
# Source for table group1
#

DROP TABLE IF EXISTS `group1`;
CREATE TABLE `group1` (
  `id` int(11) unsigned NOT NULL AUTO_INCREMENT,
  `name` varchar(100) NOT NULL DEFAULT '',
  `createDate` date DEFAULT NULL,
  `node_id` int(11) DEFAULT NULL,
  PRIMARY KEY (`id`)
) ENGINE=InnoDB AUTO_INCREMENT=13 DEFAULT CHARSET=utf8;

#
# Dumping data for table group1
#

LOCK TABLES `group1` WRITE;
/*!40000 ALTER TABLE `group1` DISABLE KEYS */;
INSERT INTO `group1` VALUES (1,'组test1','2017-01-31',1);
INSERT INTO `group1` VALUES (2,'组aad','2017-01-31',7);
INSERT INTO `group1` VALUES (3,'组12312','2017-01-31',NULL);
INSERT INTO `group1` VALUES (4,'组12','2017-01-31',NULL);
INSERT INTO `group1` VALUES (5,'123','2017-02-01',NULL);
INSERT INTO `group1` VALUES (6,'2017-02-03','2017-02-03',NULL);
INSERT INTO `group1` VALUES (7,'组adadf','2017-02-04',NULL);
INSERT INTO `group1` VALUES (8,'组1212312-A-B','2017-02-05',NULL);
INSERT INTO `group1` VALUES (9,'组1212312-A-A-B','2017-02-05',NULL);
INSERT INTO `group1` VALUES (10,'组1212312-A-A-A-B','2017-02-05',NULL);
INSERT INTO `group1` VALUES (11,'组1212312-A-A-A-A-B','2017-02-05',NULL);
INSERT INTO `group1` VALUES (12,'组1212312-A-A-A-A-A-B','2017-02-05',NULL);
INSERT INTO `group1` VALUES (14,'组1212312-A-A-A-A-A-A-B','2017-02-05',NULL);
INSERT INTO `group1` VALUES (15,'组1212312-A-A-A-A-A-A-A-B','2017-02-05',NULL);
INSERT INTO `group1` VALUES (16,'组test1-A-B','2017-02-05',NULL);
INSERT INTO `group1` VALUES (17,'组test1-A-A-B','2017-02-05',NULL);
INSERT INTO `group1` VALUES (18,'组test1-A-A-A-B','2017-02-05',NULL);
INSERT INTO `group1` VALUES (19,'组test1-A-A-A-A-B','2017-02-05',NULL);
INSERT INTO `group1` VALUES (20,'组test1-A-A-A-A-A-B','2017-02-05',NULL);
INSERT INTO `group1` VALUES (21,'组test1-A-A-A-A-A-A-B','2017-02-05',NULL);
INSERT INTO `group1` VALUES (22,'组test1-A-A-A-A-A-A-A-B','2017-02-05',NULL);
INSERT INTO `group1` VALUES (23,'组test1-A-A-A-A-A-A-A-A-B','2017-02-05',NULL);
INSERT INTO `group1` VALUES (24,'组test1-A-A-A-A-A-A-A-A-A-B','2017-02-05',NULL);
/*!40000 ALTER TABLE `group1` ENABLE KEYS */;
UNLOCK TABLES;

#
# Source for table group1_user
#

DROP TABLE IF EXISTS `group1_user`;
CREATE TABLE `group1_user` (
  `user_id` int(11) unsigned NOT NULL,
  `group_id` int(11) unsigned NOT NULL,
  `level` int(11) DEFAULT NULL
) ENGINE=InnoDB DEFAULT CHARSET=utf8;

#
# Dumping data for table group1_user
#

LOCK TABLES `group1_user` WRITE;
/*!40000 ALTER TABLE `group1_user` DISABLE KEYS */;
INSERT INTO `group1_user` VALUES (1,1,1);
INSERT INTO `group1_user` VALUES (2,1,2);
INSERT INTO `group1_user` VALUES (3,1,2);
INSERT INTO `group1_user` VALUES (4,1,3);
INSERT INTO `group1_user` VALUES (5,1,3);
INSERT INTO `group1_user` VALUES (6,1,3);
/*!40000 ALTER TABLE `group1_user` ENABLE KEYS */;
UNLOCK TABLES;

#
# Source for table node
#

DROP TABLE IF EXISTS `node`;
CREATE TABLE `node` (
  `id` int(11) unsigned NOT NULL AUTO_INCREMENT,
  `parent_id` int(11) unsigned DEFAULT NULL,
  `user_id` int(11) DEFAULT NULL,
  PRIMARY KEY (`id`)
) ENGINE=InnoDB AUTO_INCREMENT=9 DEFAULT CHARSET=utf8;

#
# Dumping data for table node
#

LOCK TABLES `node` WRITE;
/*!40000 ALTER TABLE `node` DISABLE KEYS */;
INSERT INTO `node` VALUES (1,NULL,1);
INSERT INTO `node` VALUES (2,1,2);
INSERT INTO `node` VALUES (3,1,3);
INSERT INTO `node` VALUES (4,2,4);
INSERT INTO `node` VALUES (5,2,5);
INSERT INTO `node` VALUES (6,3,6);
INSERT INTO `node` VALUES (7,NULL,7);
INSERT INTO `node` VALUES (8,7,8);
/*!40000 ALTER TABLE `node` ENABLE KEYS */;
UNLOCK TABLES;

#
# Source for table person
#

DROP TABLE IF EXISTS `person`;
CREATE TABLE `person` (
  `id` int(11) unsigned NOT NULL AUTO_INCREMENT,
  `name` varchar(20) NOT NULL DEFAULT '',
  `country` varchar(20) DEFAULT NULL,
  PRIMARY KEY (`id`)
) ENGINE=InnoDB AUTO_INCREMENT=13 DEFAULT CHARSET=utf8;

#
# Dumping data for table person
#

LOCK TABLES `person` WRITE;
/*!40000 ALTER TABLE `person` DISABLE KEYS */;
INSERT INTO `person` VALUES (1,'123123','123123');
INSERT INTO `person` VALUES (2,'张三','张三');
INSERT INTO `person` VALUES (3,'æ??ç??','ä½ å¥½');
INSERT INTO `person` VALUES (4,'æ??ç??','æ??ç??');
INSERT INTO `person` VALUES (5,'æ??ç??','æ??ç??');
INSERT INTO `person` VALUES (6,'æ??','æ??');
INSERT INTO `person` VALUES (7,'?','?');
INSERT INTO `person` VALUES (8,'?','');
INSERT INTO `person` VALUES (9,'我','我');
INSERT INTO `person` VALUES (10,'æ','æ');
INSERT INTO `person` VALUES (11,'å¤ª','å¤ªå¤ªå¤ª');
INSERT INTO `person` VALUES (12,'我','我');
/*!40000 ALTER TABLE `person` ENABLE KEYS */;
UNLOCK TABLES;

#
# Source for table user
#

DROP TABLE IF EXISTS `user`;
CREATE TABLE `user` (
  `id` int(11) unsigned NOT NULL AUTO_INCREMENT,
  `name` varchar(20) NOT NULL DEFAULT '',
  `mobile` varchar(30) DEFAULT NULL,
  `address` varchar(200) DEFAULT NULL,
  `available` int(11) DEFAULT NULL,
  `group_id` int(11) DEFAULT NULL,
  `level` varchar(11) DEFAULT '0',
  PRIMARY KEY (`id`)
) ENGINE=InnoDB AUTO_INCREMENT=211 DEFAULT CHARSET=utf8;

#
# Dumping data for table user
#

LOCK TABLES `user` WRITE;
/*!40000 ALTER TABLE `user` DISABLE KEYS */;
INSERT INTO `user` VALUES (1,'张1','123123',NULL,1,1,'F');
INSERT INTO `user` VALUES (2,'人名2','123123',NULL,1,1,'A');
INSERT INTO `user` VALUES (3,'张三3','1231',NULL,1,24,'A');
INSERT INTO `user` VALUES (4,'王4',NULL,NULL,1,1,'B');
INSERT INTO `user` VALUES (5,'李5',NULL,NULL,1,1,'B');
INSERT INTO `user` VALUES (6,'张6',NULL,NULL,1,24,'B');
INSERT INTO `user` VALUES (7,'张5',NULL,NULL,1,24,'B');
INSERT INTO `user` VALUES (8,'张7',NULL,NULL,1,1,'C');
INSERT INTO `user` VALUES (9,'张9',NULL,NULL,1,1,'C');
INSERT INTO `user` VALUES (10,'张10',NULL,NULL,1,1,'C');
INSERT INTO `user` VALUES (11,'张11','1865',NULL,1,1,'C');
INSERT INTO `user` VALUES (12,'张12','张3123',NULL,1,24,'C');
INSERT INTO `user` VALUES (13,'张13','张3123',NULL,1,24,'C');
INSERT INTO `user` VALUES (14,'张14','张3123',NULL,1,24,'C');
INSERT INTO `user` VALUES (15,'张15','张3123',NULL,1,24,'C');
INSERT INTO `user` VALUES (16,'张16','张3123',NULL,1,1,'D');
INSERT INTO `user` VALUES (17,'我17','我',NULL,1,1,'D');
INSERT INTO `user` VALUES (18,'12318','123',NULL,1,1,'D');
INSERT INTO `user` VALUES (19,'12319','123',NULL,1,1,'D');
INSERT INTO `user` VALUES (20,'20','19',NULL,1,1,'D');
INSERT INTO `user` VALUES (21,'张21','19',NULL,1,1,'D');
INSERT INTO `user` VALUES (22,'张22','19',NULL,1,1,'D');
INSERT INTO `user` VALUES (23,'张23','19',NULL,1,1,'D');
INSERT INTO `user` VALUES (24,'张24','19',NULL,1,24,'D');
INSERT INTO `user` VALUES (25,'张25','19',NULL,1,24,'D');
INSERT INTO `user` VALUES (26,'张26','19',NULL,1,24,'D');
INSERT INTO `user` VALUES (27,'张27','19',NULL,1,24,'D');
INSERT INTO `user` VALUES (28,'张28','19',NULL,1,24,'D');
INSERT INTO `user` VALUES (29,'张29','19',NULL,1,24,'D');
INSERT INTO `user` VALUES (30,'张30','19',NULL,1,24,'D');
INSERT INTO `user` VALUES (31,'张31','19',NULL,1,24,'D');
INSERT INTO `user` VALUES (32,'张32','19',NULL,1,1,'E');
INSERT INTO `user` VALUES (33,'张33','19',NULL,1,1,'E');
INSERT INTO `user` VALUES (34,'张34','19',NULL,1,1,'E');
INSERT INTO `user` VALUES (35,'张35','19',NULL,1,1,'E');
INSERT INTO `user` VALUES (36,'张36','19',NULL,1,1,'E');
INSERT INTO `user` VALUES (37,'张37','19',NULL,1,1,'E');
INSERT INTO `user` VALUES (38,'张38','19',NULL,1,1,'E');
INSERT INTO `user` VALUES (39,'张39','19',NULL,1,1,'E');
INSERT INTO `user` VALUES (40,'张40','19',NULL,1,1,'E');
INSERT INTO `user` VALUES (41,'张41','19',NULL,1,1,'E');
INSERT INTO `user` VALUES (42,'张42','19',NULL,1,1,'E');
INSERT INTO `user` VALUES (43,'张43','19',NULL,1,1,'E');
INSERT INTO `user` VALUES (44,'张44','19',NULL,1,1,'E');
INSERT INTO `user` VALUES (45,'张45','19',NULL,1,1,'E');
INSERT INTO `user` VALUES (46,'张46','19',NULL,1,1,'E');
INSERT INTO `user` VALUES (47,'张47','19',NULL,1,1,'E');
INSERT INTO `user` VALUES (48,'张48','19',NULL,1,24,'E');
INSERT INTO `user` VALUES (49,'张49','19',NULL,1,24,'E');
INSERT INTO `user` VALUES (50,'张50','19',NULL,1,24,'E');
INSERT INTO `user` VALUES (51,'张51','19',NULL,1,24,'E');
INSERT INTO `user` VALUES (52,'张52','19',NULL,1,24,'E');
INSERT INTO `user` VALUES (53,'张53','19',NULL,1,24,'E');
INSERT INTO `user` VALUES (54,'张54','19',NULL,1,24,'E');
INSERT INTO `user` VALUES (55,'张55','19',NULL,1,24,'E');
INSERT INTO `user` VALUES (56,'张56','19',NULL,1,24,'E');
INSERT INTO `user` VALUES (57,'张57','19',NULL,1,24,'E');
INSERT INTO `user` VALUES (58,'张58','19',NULL,1,24,'E');
INSERT INTO `user` VALUES (59,'张59','19',NULL,1,24,'E');
INSERT INTO `user` VALUES (60,'张60','19',NULL,1,24,'E');
INSERT INTO `user` VALUES (61,'张61','19',NULL,1,24,'E');
INSERT INTO `user` VALUES (62,'张62','19',NULL,1,24,'E');
INSERT INTO `user` VALUES (63,'张63','19',NULL,1,24,'E');
INSERT INTO `user` VALUES (64,'张64','19',NULL,1,NULL,NULL);
INSERT INTO `user` VALUES (100,'张100','19',NULL,1,NULL,NULL);
INSERT INTO `user` VALUES (101,'张101','19',NULL,1,NULL,NULL);
INSERT INTO `user` VALUES (102,'张102','19',NULL,1,NULL,NULL);
INSERT INTO `user` VALUES (103,'张103','19',NULL,1,NULL,NULL);
INSERT INTO `user` VALUES (104,'张104','19',NULL,1,NULL,NULL);
INSERT INTO `user` VALUES (105,'张105','19',NULL,1,NULL,NULL);
INSERT INTO `user` VALUES (106,'张106','19',NULL,1,NULL,NULL);
INSERT INTO `user` VALUES (107,'张107','19',NULL,1,NULL,NULL);
INSERT INTO `user` VALUES (108,'张108','19',NULL,1,NULL,NULL);
INSERT INTO `user` VALUES (109,'张109','19',NULL,1,NULL,NULL);
INSERT INTO `user` VALUES (110,'张110','19',NULL,1,NULL,NULL);
INSERT INTO `user` VALUES (111,'张111','19',NULL,1,NULL,NULL);
INSERT INTO `user` VALUES (112,'张112','19',NULL,1,NULL,NULL);
INSERT INTO `user` VALUES (113,'张113','19',NULL,1,NULL,NULL);
INSERT INTO `user` VALUES (114,'张114','19',NULL,1,NULL,NULL);
INSERT INTO `user` VALUES (115,'张115','19',NULL,1,NULL,NULL);
INSERT INTO `user` VALUES (116,'张116','19',NULL,1,NULL,NULL);
INSERT INTO `user` VALUES (117,'张117','19',NULL,1,NULL,NULL);
INSERT INTO `user` VALUES (118,'张118','19',NULL,1,NULL,NULL);
INSERT INTO `user` VALUES (119,'张119','19',NULL,1,NULL,NULL);
INSERT INTO `user` VALUES (120,'张120','19',NULL,1,NULL,NULL);
INSERT INTO `user` VALUES (121,'张121','19',NULL,1,NULL,NULL);
INSERT INTO `user` VALUES (122,'张122','19',NULL,1,NULL,NULL);
INSERT INTO `user` VALUES (123,'张123','19',NULL,1,NULL,NULL);
INSERT INTO `user` VALUES (124,'张124','19',NULL,1,NULL,NULL);
INSERT INTO `user` VALUES (125,'张125','19',NULL,1,NULL,NULL);
INSERT INTO `user` VALUES (126,'张126','19',NULL,1,NULL,NULL);
INSERT INTO `user` VALUES (127,'张127','19',NULL,1,NULL,NULL);
INSERT INTO `user` VALUES (128,'张128','19',NULL,1,NULL,NULL);
INSERT INTO `user` VALUES (129,'张129','19',NULL,1,NULL,NULL);
INSERT INTO `user` VALUES (130,'张130','19',NULL,1,NULL,NULL);
INSERT INTO `user` VALUES (131,'张131','19',NULL,1,NULL,NULL);
INSERT INTO `user` VALUES (132,'张132','19',NULL,1,NULL,NULL);
INSERT INTO `user` VALUES (133,'张133','19',NULL,1,NULL,NULL);
INSERT INTO `user` VALUES (134,'张134','19',NULL,1,NULL,NULL);
INSERT INTO `user` VALUES (135,'张135','19',NULL,1,NULL,NULL);
INSERT INTO `user` VALUES (136,'张136','19',NULL,1,NULL,NULL);
INSERT INTO `user` VALUES (137,'张137','19',NULL,1,NULL,NULL);
INSERT INTO `user` VALUES (138,'张138','19',NULL,1,NULL,NULL);
INSERT INTO `user` VALUES (139,'张139','19',NULL,1,NULL,NULL);
INSERT INTO `user` VALUES (140,'张140','19',NULL,1,NULL,NULL);
INSERT INTO `user` VALUES (141,'张141','19',NULL,1,NULL,NULL);
INSERT INTO `user` VALUES (142,'张142','19',NULL,1,NULL,NULL);
INSERT INTO `user` VALUES (143,'张143','19',NULL,1,NULL,NULL);
INSERT INTO `user` VALUES (144,'张144','19',NULL,1,NULL,NULL);
INSERT INTO `user` VALUES (145,'张145','19',NULL,1,NULL,NULL);
INSERT INTO `user` VALUES (146,'张146','19',NULL,1,NULL,NULL);
INSERT INTO `user` VALUES (147,'张147','19',NULL,1,NULL,NULL);
INSERT INTO `user` VALUES (148,'张148','19',NULL,1,NULL,NULL);
INSERT INTO `user` VALUES (149,'张149','19',NULL,1,NULL,NULL);
INSERT INTO `user` VALUES (150,'张150','19',NULL,1,NULL,NULL);
INSERT INTO `user` VALUES (151,'张151','19',NULL,1,NULL,NULL);
INSERT INTO `user` VALUES (152,'张152','19',NULL,1,NULL,NULL);
INSERT INTO `user` VALUES (153,'张153','19',NULL,1,NULL,NULL);
INSERT INTO `user` VALUES (154,'张154','19',NULL,1,NULL,NULL);
INSERT INTO `user` VALUES (155,'张155','19',NULL,1,NULL,NULL);
INSERT INTO `user` VALUES (156,'张156','19',NULL,1,NULL,NULL);
INSERT INTO `user` VALUES (157,'张157','19',NULL,1,NULL,NULL);
INSERT INTO `user` VALUES (158,'张158','19',NULL,1,NULL,NULL);
INSERT INTO `user` VALUES (159,'张159','19',NULL,1,NULL,NULL);
INSERT INTO `user` VALUES (160,'张160','19',NULL,1,NULL,NULL);
INSERT INTO `user` VALUES (161,'张161','19',NULL,1,NULL,NULL);
INSERT INTO `user` VALUES (162,'张162','19',NULL,1,NULL,NULL);
INSERT INTO `user` VALUES (200,'张200','19',NULL,1,NULL,NULL);
INSERT INTO `user` VALUES (201,'张201','19',NULL,1,NULL,NULL);
INSERT INTO `user` VALUES (202,'张202','19',NULL,1,NULL,NULL);
INSERT INTO `user` VALUES (203,'张203','19',NULL,1,NULL,NULL);
INSERT INTO `user` VALUES (204,'张204','19',NULL,1,NULL,NULL);
INSERT INTO `user` VALUES (205,'张205','19',NULL,1,NULL,NULL);
INSERT INTO `user` VALUES (206,'张206','19',NULL,1,NULL,NULL);
INSERT INTO `user` VALUES (207,'张207','19',NULL,1,NULL,NULL);
INSERT INTO `user` VALUES (208,'张208','19',NULL,1,NULL,NULL);
INSERT INTO `user` VALUES (209,'张209','19',NULL,1,NULL,NULL);
INSERT INTO `user` VALUES (210,'张210','19',NULL,1,NULL,NULL);
/*!40000 ALTER TABLE `user` ENABLE KEYS */;
UNLOCK TABLES;

/*!40014 SET FOREIGN_KEY_CHECKS=@OLD_FOREIGN_KEY_CHECKS */;
/*!40014 SET UNIQUE_CHECKS=@OLD_UNIQUE_CHECKS */;
/*!40111 SET SQL_NOTES=@OLD_SQL_NOTES */;
/*!40101 SET SQL_MODE=@OLD_SQL_MODE */;
